{"mass": [160.94, 160.94, 160.94, 160.94, 160.94, 160.94, 160.94, 160.94, 160.94, 160.94, 160.94, 160.94, 160.94, 160.94, 160.94, 160.94, 160.94, 160.94, 160.94, 160.94, 160.94, 160.94, 160.94, 160.94, 160.94, 160.94, 160.94, 160.94, 160.94, 160.94], "bin": [1, 1, 1, 1, 1, 1, 1, 1, 1, 1, 1, 1, 1, 1, 1, 1, 1, 1, 1, 1, 1, 1, 1, 1, 1, 1, 1, 1, 1, 1], "pdf": ["0", "1", "10", "11", "12", "13", "14", "15", "16", "17", "18", "19", "2", "20", "21", "22", "23", "24", "25", "26", "27", "28", "29", "3", "4", "5", "6", "7", "8", "9"], "relunc": [0.003291020216267043, 0.004929577464788733, 0.008426966292134831, 0.005159474671669793, 0.0063544363379618735, 0.006867156050201279, 0.007501172058134084, 0.006552773227240814, 0.008307619273676715, 0.00778669183577159, 0.006820319849482596, 0.011420413990007138, 0.004940014114326041, 0.006124852767962308, 0.010954989283162658, 0.006801125703564728, 0.005661712668082095, 0.00467180565288484, 0.004956337030918102, 0.005785697755149271, 0.004224360478760855, 0.005197259626742263, 0.008109360518999072, 0.006783625730994152, 0.009185115402731984, 0.007502930832356389, 0.0070406007979347575, 0.004715868898844612, 0.006867156050201279, 0.005368814192343604]}