{"mass": [156.85, 156.85, 156.85, 156.85, 156.85, 156.85, 156.85, 156.85, 156.85, 156.85, 156.85, 156.85, 156.85, 156.85, 156.85, 156.85, 156.85, 156.85, 156.85, 156.85, 156.85, 156.85, 156.85, 156.85, 156.85, 156.85, 156.85, 156.85, 156.85, 156.85], "bin": [2, 2, 2, 2, 2, 2, 2, 2, 2, 2, 2, 2, 2, 2, 2, 2, 2, 2, 2, 2, 2, 2, 2, 2, 2, 2, 2, 2, 2, 2], "pdf": ["0", "1", "10", "11", "12", "13", "14", "15", "16", "17", "18", "19", "2", "20", "21", "22", "23", "24", "25", "26", "27", "28", "29", "3", "4", "5", "6", "7", "8", "9"], "relunc": [0.006035665294924554, 0.004700027647221454, 0.0036021058464948737, 0.014825174825174826, 0.0033268644302744664, 0.005534034311012728, 0.008060033351862146, 0.003855687138529331, 0.006129841181387573, 0.00904109589041096, 0.010476978218913703, 0.011627906976744186, 0.007724137931034483, 0.004690949227373068, 0.006126427179058758, 0.00575973669775096, 0.008556444935136628, 0.006860592755214051, 0.00443213296398892, 0.003564573622155196, 0.005245720596355604, 0.008918617614269788, 0.004093886462882096, 0.006860592755214051, 0.004949133901567226, 0.007722007722007722, 0.005550929780738274, 0.004701327433628319, 0.003611111111111111, 0.006640841173215274]}