{"mass": [152.87, 152.87, 152.87, 152.87, 152.87, 152.87, 152.87, 152.87, 152.87, 152.87, 152.87, 152.87, 152.87, 152.87, 152.87, 152.87, 152.87, 152.87, 152.87, 152.87, 152.87, 152.87, 152.87, 152.87, 152.87, 152.87, 152.87, 152.87, 152.87, 152.87], "bin": [3, 3, 3, 3, 3, 3, 3, 3, 3, 3, 3, 3, 3, 3, 3, 3, 3, 3, 3, 3, 3, 3, 3, 3, 3, 3, 3, 3, 3, 3], "pdf": ["0", "1", "10", "11", "12", "13", "14", "15", "16", "17", "18", "19", "2", "20", "21", "22", "23", "24", "25", "26", "27", "28", "29", "3", "4", "5", "6", "7", "8", "9"], "relunc": [0.006535947712418301, 0.006048387096774193, 0.006057546693589096, 0.004365278474661315, 0.006066734074823054, 0.005549949545913219, 0.004315102860010035, 0.0065293822199899544, 0.006578947368421052, 0.007028112449799197, 0.009109311740890687, 0.006054490413723511, 0.0055359838953195776, 0.00654911838790932, 0.00949050949050949, 0.012102874432677761, 0.013184584178498986, 0.006516290726817042, 0.003630862329803328, 0.007385524372230428, 0.007021063189568706, 0.008113590263691683, 0.003307008884501481, 0.004831404126824358, 0.007522567703109328, 0.009018036072144289, 0.0047762694821518355, 0.006051437216338881, 0.006091370558375634, 0.006979062811565304]}