{"mass": [134.73, 134.73, 134.73, 134.73, 134.73, 134.73, 134.73, 134.73, 134.73, 134.73, 134.73, 134.73, 134.73, 134.73, 134.73, 134.73, 134.73, 134.73, 134.73, 134.73, 134.73, 134.73, 134.73, 134.73, 134.73, 134.73, 134.73, 134.73, 134.73, 134.73], "bin": [4, 4, 4, 4, 4, 4, 4, 4, 4, 4, 4, 4, 4, 4, 4, 4, 4, 4, 4, 4, 4, 4, 4, 4, 4, 4, 4, 4, 4, 4], "pdf": ["0", "1", "10", "11", "12", "13", "14", "15", "16", "17", "18", "19", "2", "20", "21", "22", "23", "24", "25", "26", "27", "28", "29", "3", "4", "5", "6", "7", "8", "9"], "relunc": [0.007908773220526025, 0.008169327887114742, 0.005385329619312906, 0.005159388243965358, 0.004624491305956345, 0.004439511653718091, 0.005718502121379819, 0.004794394246726904, 0.004989835520236555, 0.006674082313681869, 0.00876538604998135, 0.006674082313681869, 0.011032161555721766, 0.006117908787541713, 0.010575139146567719, 0.0078624977143902, 0.003127299484915379, 0.006429096252755327, 0.009454949944382647, 0.005980427691192461, 0.010014836795252226, 0.0029574861367837337, 0.003399534800500984, 0.005714285714285714, 0.013466150156797639, 0.011332480350941327, 0.008948545861297539, 0.005006489894307436, 0.010313144571535721, 0.005356483191725157]}
