{"1": [238.49929999999998, 238.36409999999998, 238.5578, 238.4447, 238.55259999999998, 238.25230000000002, 238.43429999999998, 237.9078, 237.20970000000003, 237.3618, 237.89090000000002, 238.3862, 237.6465, 238.1678, 238.2484, 238.9582, 237.7648, 239.08429999999998, 237.8896, 238.13789999999997, 238.6436, 238.02870000000001, 238.667, 238.6306, 239.0752, 237.6946, 240.44799999999998, 239.0661, 238.54350000000002, 240.34529999999998], "2": [288.0475, 287.9669, 288.5792, 288.22950000000003, 288.4895, 287.8018, 288.3621, 287.5561, 286.559, 289.4463, 287.664, 288.2542, 287.4053, 287.6458, 287.96819999999997, 288.80410000000006, 287.1232, 288.7456, 287.77970000000005, 287.5756, 288.4193, 287.4248, 289.1447, 288.61819999999994, 289.8974, 287.09200000000004, 291.4756, 288.9146, 288.0462, 291.45869999999996], "3": [163.40584, 164.51668999999998, 163.52934000000002, 163.52388, 163.72694, 163.85537999999997, 163.21929, 163.22696000000002, 162.51092, 163.83211000000003, 163.12075000000002, 163.33967, 163.14337, 163.29339, 163.20798, 163.6986, 162.67758, 163.70392999999999, 163.10463, 163.35254, 163.67507, 162.62441, 164.43362000000002, 163.49853000000002, 164.94673, 162.214, 165.69787, 164.21535, 163.28338, 166.44485], "4": [44.123524547098526, 44.05873524587494, 44.03132773724666, 44.14617694634256, 44.21948390080442, 44.12174493478298, 44.25145383049075, 43.9979433055601, 43.73005085230041, 44.293506304759376, 44.06616601269588, 43.32956506188473, 43.985984362979806, 44.01173548040438, 43.96246951630129, 44.28268035660559, 43.98507634507548, 44.228662852240916, 43.99335492637842, 44.08389299299568, 44.23847029901162, 43.856219351798764, 44.59002702023958, 44.198482796191755, 44.48008684691056, 43.640755125718826, 45.033891529200545, 44.50273612473481, 44.18152860832588, 45.72105451180021]}