{"mass": [120.0, 130.0, 134.9, 140.0, 143.0, 146.0, 149.0, 150.0, 151.5, 152.9, 154.0, 155.0, 155.0, 156.1, 157.0, 157.5, 158.0, 159.0, 159.0, 159.5, 160.0, 160.2, 160.8, 161.0, 161.5, 162.0, 163.0, 126.5, 143.1, 149.4, 163.1, 163.4, 163.5, 166.5], "bin": [4, 4, 4, 4, 4, 4, 3, 3, 3, 3, 2, 2, 3, 2, 3, 2, 3, 1, 2, 1, 2, 1, 1, 2, 1, 1, 1, 4, 3, 2, 3, 2, 1, 4], "relunc": [0.006284107822060526, 0.006808815624440064, 0.009226794611551946, 0.008885454896658295, 0.005687389684251814, 0.00906344410876133, 0.006360078277886497, 0.0037579306979014155, 0.005459057071960298, 0.005516549648946841, 0.005305039787798408, 0.006176154672395274, 0.0047570332480818414, 0.010758620689655173, 0.006777893639207508, 0.0075440067057837385, 0.005786428195686481, 0.004476657429119591, 0.005969300739056282, 0.008797009016934242, 0.005491329479768786, 0.006559601900022619, 0.005366308912739151, 0.0088261253309797, 0.013432477812425042, 0.003969238402381543, 0.004457262716308337, 0.006299212598425197, 0.006395614435815441, 0.00424893776555861, 0.008771929824561403, 0.004556500607533414, 0.005390835579514825, 0.010121923165401427]}